,Qsd,Qmax
0,0.00501133680434561,0.03488078847386045
1,0.0053264808564522466,0.038054929726821445
2,0.005596904462982104,0.040220786321093195
3,0.00594150036669364,0.0381540907434311
4,0.005453146590719143,0.038398973944405425
5,0.006428430436450306,0.0498171174736305
6,0.004478456874809932,0.03165514438046417
7,0.004618154371547104,0.03270175555422383
8,0.004948482966217128,0.03506065061687731
9,0.00481326353738621,0.035818516108719535
